{"Bio.fibros": {"null_frac": 0.0, "n_distinct": 5.0, "most_common_vals": ["1", "3", "2", "4", "0"], "most_common_freqs": [0.2502, 0.2208, 0.21806666, 0.21776667, 0.093166664], "histogram_bounds": [], "rows": 64000.0, "data_type": "character varying"}, "Bio.activity": {"null_frac": 0.0, "n_distinct": 5.0, "most_common_vals": ["1", "3", "2", "4", "0"], "most_common_freqs": [0.28106666, 0.25173333, 0.24966666, 0.15533334, 0.0622], "histogram_bounds": [], "rows": 64000.0, "data_type": "character varying"}, "Bio.b_id": {"null_frac": 0.0, "n_distinct": 64000.0, "most_common_vals": [], "most_common_freqs": [], "histogram_bounds": [1.0, 668.0, 1334.0, 2019.0, 2663.0, 3283.0, 3954.0, 4605.0, 5323.0, 5986.0, 6622.0, 7278.0, 7951.0, 8605.0, 9239.0, 9925.0, 10582.0, 11216.0, 11916.0, 12554.0, 13164.0, 13802.0, 14470.0, 15191.0, 15878.0, 16502.0, 17181.0, 17864.0, 18539.0, 19204.0, 19860.0, 20529.0, 21193.0, 21884.0, 22582.0, 23256.0, 23951.0, 24620.0, 25238.0, 25942.0, 26580.0, 27233.0, 27921.0, 28569.0, 29239.0, 29862.0, 30515.0, 31181.0, 31847.0, 32504.0, 33175.0, 33767.0, 34415.0, 35082.0, 35764.0, 36424.0, 37069.0, 37716.0, 38389.0, 39087.0, 39769.0, 40410.0, 41040.0, 41725.0, 42386.0, 43001.0, 43622.0, 44259.0, 44903.0, 45601.0, 46251.0, 46921.0, 47557.0, 48212.0, 48875.0, 49547.0, 50222.0, 50866.0, 51482.0, 52167.0, 52831.0, 53539.0, 54199.0, 54884.0, 55534.0, 56171.0, 56749.0, 57406.0, 58076.0, 58687.0, 59326.0, 59995.0, 60707.0, 61377.0, 62010.0, 62672.0, 63370.0, 64017.0, 64659.0, 65310.0, 65998.0], "rows": 64000.0, "data_type": "integer"}, "dispat.m_id": {"null_frac": 0.0, "n_distinct": 1000000.0, "most_common_vals": [], "most_common_freqs": [], "histogram_bounds": [101.0, 10175.0, 21708.0, 30402.0, 40118.0, 50172.0, 59793.0, 70394.0, 80705.0, 91216.0, 102528.0, 112468.0, 122325.0, 132215.0, 141958.0, 151531.0, 161310.0, 171114.0, 181460.0, 190545.0, 200454.0, 211417.0, 221740.0, 232699.0, 243337.0, 253443.0, 264326.0, 274197.0, 283568.0, 293588.0, 304005.0, 313320.0, 323611.0, 333478.0, 343870.0, 354754.0, 364342.0, 373738.0, 383999.0, 393689.0, 402714.0, 411875.0, 421926.0, 432520.0, 442471.0, 452739.0, 463705.0, 473289.0, 482072.0, 491638.0, 501383.0, 510791.0, 520876.0, 530433.0, 540234.0, 549577.0, 559321.0, 569046.0, 578805.0, 589387.0, 600050.0, 609886.0, 620946.0, 631309.0, 641179.0, 651203.0, 660395.0, 670474.0, 680196.0, 690111.0, 700205.0, 710340.0, 721106.0, 731736.0, 742505.0, 752005.0, 761575.0, 771198.0, 780977.0, 790363.0, 800797.0, 809922.0, 820089.0, 830011.0, 839436.0, 849417.0, 859527.0, 869136.0, 878748.0, 888651.0, 898610.0, 909366.0, 919944.0, 929939.0, 941263.0, 952443.0, 961720.0, 971186.0, 980998.0, 991298.0, 1001924.0], "rows": 1000000.0, "data_type": "integer"}, "dispat.sex": {"null_frac": 0.0, "n_distinct": 2.0, "most_common_vals": ["0", "1"], "most_common_freqs": [0.7059, 0.2941], "histogram_bounds": [], "rows": 1000000.0, "data_type": "character varying"}, "dispat.age": {"null_frac": 0.0, "n_distinct": 7.0, "most_common_vals": ["5", "6", "3", "4", "2", "1", "0"], "most_common_freqs": [0.55516666, 0.1439, 0.08686667, 0.0792, 0.0653, 0.056066666, 0.0135], "histogram_bounds": [], "rows": 1000000.0, "data_type": "character varying"}, "dispat.Type": {"null_frac": 0.0, "n_distinct": 2.0, "most_common_vals": ["1", "0"], "most_common_freqs": [0.58643335, 0.41356668], "histogram_bounds": [], "rows": 1000000.0, "data_type": "character varying"}, "indis.gpt": {"null_frac": 0.0, "n_distinct": 4.0, "most_common_vals": ["2", "1", "0", "3"], "most_common_freqs": [0.4778, 0.43573335, 0.06606667, 0.0204], "histogram_bounds": [], "rows": 11382000.0, "data_type": "character varying"}, "indis.alb": {"null_frac": 0.0, "n_distinct": 2.0, "most_common_vals": ["0", "1"], "most_common_freqs": [0.69713336, 0.30286667], "histogram_bounds": [], "rows": 11382000.0, "data_type": "character varying"}, "indis.tbil": {"null_frac": 0.0, "n_distinct": 2.0, "most_common_vals": ["1", "0"], "most_common_freqs": [0.8512667, 0.14873333], "histogram_bounds": [], "rows": 11382000.0, "data_type": "character varying"}, "indis.dbil": {"null_frac": 0.0, "n_distinct": 2.0, "most_common_vals": ["0", "1"], "most_common_freqs": [0.58433336, 0.41566667], "histogram_bounds": [], "rows": 11382000.0, "data_type": "character varying"}, "indis.che": {"null_frac": 0.0, "n_distinct": 10.0, "most_common_vals": ["6", "5", "7", "1", "8", "4", "2", "9", "3", "0"], "most_common_freqs": [0.7015333, 0.12213334, 0.10616667, 0.0255, 0.0173, 0.011, 0.008733333, 0.005, 0.0013333333, 0.0013], "histogram_bounds": [], "rows": 11382000.0, "data_type": "character varying"}, "indis.ttt": {"null_frac": 0.0, "n_distinct": 6.0, "most_common_vals": ["5", "3", "4", "2", "0", "1"], "most_common_freqs": [0.42913333, 0.1588, 0.15633333, 0.14283334, 0.056466665, 0.056433335], "histogram_bounds": [], "rows": 11382000.0, "data_type": "character varying"}, "indis.ztt": {"null_frac": 0.0, "n_distinct": 6.0, "most_common_vals": ["5", "1", "3", "4", "2", "0"], "most_common_freqs": [0.29796666, 0.2272, 0.21096666, 0.14173333, 0.09516667, 0.026966667], "histogram_bounds": [], "rows": 11382000.0, "data_type": "character varying"}, "indis.tcho": {"null_frac": 0.0, "n_distinct": 4.0, "most_common_vals": ["1", "2", "0", "3"], "most_common_freqs": [0.48993334, 0.26123333, 0.14283334, 0.106], "histogram_bounds": [], "rows": 11382000.0, "data_type": "character varying"}, "indis.tp": {"null_frac": 0.0, "n_distinct": 4.0, "most_common_vals": ["1", "2", "3", "0"], "most_common_freqs": [0.407, 0.25373334, 0.18743333, 0.15183334], "histogram_bounds": [], "rows": 11382000.0, "data_type": "character varying"}, "indis.in_id": {"null_frac": 0.0, "n_distinct": 11382000.0, "most_common_vals": [], "most_common_freqs": [], "histogram_bounds": [829.0, 111287.0, 243093.0, 359920.0, 459464.0, 565612.0, 672023.0, 783306.0, 888895.0, 994138.0, 1115409.0, 1221667.0, 1331839.0, 1441595.0, 1559040.0, 1686290.0, 1813266.0, 1917232.0, 2035268.0, 2158516.0, 2279361.0, 2398862.0, 2509511.0, 2619805.0, 2723117.0, 2827768.0, 2918668.0, 3034604.0, 3154954.0, 3271365.0, 3377782.0, 3494033.0, 3619607.0, 3743689.0, 3850673.0, 3968489.0, 4083540.0, 4201638.0, 4321541.0, 4441883.0, 4560080.0, 4672761.0, 4785544.0, 4907509.0, 5007649.0, 5115587.0, 5241233.0, 5369114.0, 5474663.0, 5583134.0, 5689415.0, 5798684.0, 5911058.0, 6041574.0, 6155687.0, 6273968.0, 6394091.0, 6501128.0, 6611206.0, 6715314.0, 6818617.0, 6937290.0, 7064082.0, 7182289.0, 7283537.0, 7395558.0, 7505590.0, 7619984.0, 7736473.0, 7847987.0, 7955532.0, 8084181.0, 8202012.0, 8316087.0, 8433029.0, 8544097.0, 8658114.0, 8775838.0, 8884087.0, 8987757.0, 9092736.0, 9217057.0, 9328929.0, 9443076.0, 9551829.0, 9677236.0, 9805519.0, 9915927.0, 10029780.0, 10143455.0, 10250503.0, 10362106.0, 10466102.0, 10584120.0, 10699582.0, 10809795.0, 10931783.0, 11048048.0, 11156705.0, 11279643.0, 11383872.0], "rows": 11382000.0, "data_type": "integer"}, "indis.got": {"null_frac": 0.0, "n_distinct": 5.0, "most_common_vals": ["3", "1", "2", "0", "4"], "most_common_freqs": [0.30903333, 0.30886668, 0.3023, 0.07416666, 0.005633333], "histogram_bounds": [], "rows": 11382000.0, "data_type": "character varying"}, "inf.dur": {"null_frac": 0.0, "n_distinct": 5.0, "most_common_vals": ["4", "2", "0", "1", "3"], "most_common_freqs": [0.20663333, 0.20003334, 0.19853333, 0.19806667, 0.19673334], "histogram_bounds": [], "rows": 392000.0, "data_type": "character varying"}, "inf.a_id": {"null_frac": 0.0, "n_distinct": 392000.0, "most_common_vals": [], "most_common_freqs": [],