{"client.obor": {"null_frac": 0.060266666, "n_distinct": 52.0, "most_common_vals": ["Hermina", "Ozzy", "Pink", "Floyd", "Gabriel", "Anezka", "Zora", "Vladan", "Erika", "Radek", "Richard", "Vilma", "Sonja", "Leona", "Blazej", "Herbert", "Josef", "Matyas", "Baltazar", "Andela", "Robin", "Tony", "Zdenek", "Bozena", "Alice", "Otylie", "Veronika", "Gabriela", "Dita", "Hugo", "Eduard", "Dorota", "Bohdana", "Miroslav", "Lenka", "Mojmir", "David", "Kvido", "Ringo", "Bedrich", "Dusan", "Ema", "Vlastislav", "Eleonora", "Valerie", "Milos", "Emanuel", "Svatopluk", "Irena", "Patrik", "Michal", "Petr"], "most_common_freqs": [0.0612, 0.0599, 0.0518, 0.0488, 0.03816667, 0.037633333, 0.034566667, 0.031966668, 0.030533334, 0.0282, 0.026666667, 0.024633333, 0.024066666, 0.023433333, 0.0224, 0.0224, 0.022366667, 0.021366667, 0.020966666, 0.020866666, 0.020133333, 0.0181, 0.0179, 0.017833333, 0.016633334, 0.0151, 0.013, 0.0128, 0.011966666, 0.011733334, 0.0112333335, 0.0107, 0.010633334, 0.010433333, 0.009966667, 0.0093, 0.008766667, 0.008433334, 0.008266667, 0.0070666666, 0.0060666665, 0.005633333, 0.0049, 0.0039666668, 0.0032666668, 0.0025666666, 0.0025333334, 0.0024333333, 0.0022, 0.0020666667, 0.0015, 0.00066666666], "histogram_bounds": [], "rows": 146894.0, "data_type": "character varying"}, "client.client_id": {"null_frac": 0.0, "n_distinct": 146894.0, "most_common_vals": [], "most_common_freqs": [], "histogram_bounds": [3901.0, 8445.0, 13001.0, 18942.0, 24922.0, 31373.0, 38062.0, 44431.0, 50780.0, 56469.0, 61815.0, 66930.0, 71248.0, 75669.0, 80022.0, 84523.0, 88891.0, 93376.0, 97616.0, 101625.0, 105239.0, 108425.0, 112632.0, 878049.0, 919355.0, 958430.0, 1005079.0, 1048804.0, 1093978.0, 1134807.0, 1201279.0, 1561288.0, 1741219.0, 3298335.0, 6310549.0, 8648643.0, 8659745.0, 8672184.0, 8760346.0, 9182102.0, 9669548.0, 9677087.0, 9686842.0, 9704472.0, 9722239.0, 9756546.0, 9765487.0, 9776005.0, 9785879.0, 9794644.0, 9810742.0, 9815339.0, 9820784.0, 9825953.0, 9832303.0, 9839255.0, 9845667.0, 9852341.0, 9858636.0, 9864106.0, 9869298.0, 9874472.0, 9879440.0, 9883686.0, 9887923.0, 9892374.0, 9897025.0, 9900848.0, 9904856.0, 9908405.0, 9912094.0, 9915757.0, 9919306.0, 10693686.0, 10739037.0, 10776464.0, 10818616.0, 10857429.0, 10900310.0, 10944488.0, 10995463.0, 11352185.0, 11538547.0, 13135698.0, 16347154.0, 18454974.0, 18464931.0, 18476290.0, 18531409.0, 18941636.0, 19457775.0, 19482306.0, 19491330.0, 19508115.0, 19528186.0, 19536286.0, 19569663.0, 19580771.0, 19591653.0, 19600672.0, 19612748.0], "rows": 146894.0, "data_type": "integer"}, "client.kraj": {"null_frac": 0.020333333, "n_distinct": 14.0, "most_common_vals": ["Praha", "Jihomoravsk\u00fd kraj", "St\u0159edo\u010desk\u00fd kraj", "Moravskoslezsk\u00fd kraj", "Jiho\u010desk\u00fd kraj", "Plze\u0148sk\u00fd kraj", "Kr\u00e1lov\u00e9hradeck\u00fd kraj", "Olomouck\u00fd kraj", "Zl\u00ednsk\u00fd kraj", "\u00dasteck\u00fd kraj", "Pardubick\u00fd kraj", "Libereck\u00fd kraj", "Vyso\u010dina", "Karlovarsk\u00fd kraj"], "most_common_freqs": [0.27236667, 0.1262, 0.103133336, 0.08713333, 0.0502, 0.048333332, 0.045533333, 0.0446, 0.0434, 0.042466667, 0.0373, 0.034566667, 0.026966667, 0.017466666], "histogram_bounds": [], "rows": 146894.0, "data_type": "character varying"}, "dobito.month_year_datum_transakce": {"null_frac": 0.0, "n_distinct": 39.0, "most_common_vals": ["2014-03-01", "2014-10-01", "2015-10-01", "2015-03-01", "2015-09-01", "2014-11-01", "2015-06-01", "2015-05-01", "2015-07-01", "2014-12-01", "2015-04-01", "2015-01-01", "2015-02-01", "2014-09-01", "2015-08-01", "2014-07-01", "2014-05-01", "2014-06-01", "2014-08-01", "2014-04-01", "2013-11-01", "2014-02-01", "2013-10-01", "2013-07-01", "2013-06-01", "2013-05-01", "2013-12-01", "2013-04-01", "2014-01-01", "2013-03-01", "2013-09-01", "2013-08-01", "2013-02-01", "2012-11-01", "2012-10-01", "2012-08-01", "2013-01-01", "2012-09-01", "2012-12-01"], "most_common_freqs": [0.056366667, 0.0537, 0.034133334, 0.033333335, 0.033066668, 0.032633334, 0.0315, 0.030966667, 0.030666666, 0.030133333, 0.029966667, 0.0296, 0.029133333, 0.029033333, 0.0283, 0.026866667, 0.0262, 0.025833333, 0.0252, 0.0245, 0.024433333, 0.023233334, 0.0226, 0.0216, 0.021, 0.0204, 0.020333333, 0.0203, 0.020266667, 0.0202, 0.019766666, 0.018833334, 0.0176, 0.0172, 0.0158, 0.015733333, 0.013533333, 0.0131, 0.012933333], "histogram_bounds": [], "rows": 1108690.0, "data_type": "character varying"}, "dobito.sluzba": {"null_frac": 0.0, "n_distinct": 8.0, "most_common_vals": ["d", "h", "a", "e", "c", "g", "b", "f"], "most_common_freqs": [0.48063335, 0.20736666, 0.14873333, 0.13223334, 0.0142, 0.0113, 0.003, 0.0025333334], "histogram_bounds": [], "rows": 1108690.0, "data_type": "character varying"}, "dobito.kc_dobito": {"null_frac": 0.0, "n_distinct": 2885.0, "most_common_vals": [2593.64, 5187.28, 3140.0, 6280.0, 12974.48, 15700.0, 7784.06, 31400.0, 9420.0, 1296.82, 25948.96, 10377.7, 15568.12, 3890.46, 62800.0, 775.58, 1570.0, 12560.0, 518.1, 18840.0, 21980.0, 51897.92, 6487.24, 4710.0, 38923.44, 47100.0, 257.48, 20758.54, 2615.62, 5231.24, 7850.0, 1554.3, 18164.9, 94200.0, 1036.2, 31139.38, 3111.74, 37680.0, 77850.02, 25120.0, 0.0, 9080.88, 13081.24, 23355.32, 157000.0, 2075.54, 11677.66, 1306.24, 78500.0, 39250.0, 125600.0, 64875.54, 1814.92, 14271.3, 26165.62, 28260.0, 204.1, 3.14, 2854.26, 103798.98, 28542.6, 6226.62, 19461.72, 129751.08, 3632.98, 3372.36, 10990.0, 2333.02, 41520.22, 12.56, 628.0, 10465.62, 14130.0, 21.98, 646.84, 3768.0, 6.28, 942.0, 43960.0, 188400.0, 9.42, 386.22, 1884.0, 5708.52, 4669.18, 33733.02, 4151.08, 90824.5, 18.84, 314.0, 3925.0, 46710.64, 260.62, 9341.5, 11304.0, 36329.8, 155700.05, 785.0, 259502.16, 314000.0], "most_common_freqs": [0.067266665, 0.06016667, 0.0537, 0.048666667, 0.047833335, 0.0422, 0.0398, 0.035933334, 0.033266667, 0.0313, 0.028833333, 0.0212, 0.016766667, 0.016066667, 0.013766667, 0.012533333, 0.012433333, 0.011633334, 0.0116, 0.0101, 0.009933333, 0.009233333, 0.0086, 0.008066666, 0.0075333333, 0.007033333, 0.0068666665, 0.006666667, 0.0063, 0.005633333, 0.005566667, 0.0053, 0.0047333334, 0.0047, 0.004466667, 0.004466667, 0.004033333, 0.004033333, 0.0037666666, 0.0037, 0.0036333334, 0.0035666667, 0.0030333332, 0.0027666667, 0.0027333333, 0.0027, 0.0025666666, 0.0024333333, 0.0024333333, 0.0022666666, 0.0022, 0.0020666667, 0.0020333333, 0.0019666667, 0.0019, 0.0017666667, 0.0016666667, 0.0016333334, 0.0016333334, 0.0016, 0.0015666666, 0.0014333334, 0.0014333334, 0.0014333334, 0.0013333333, 0.0013, 0.0013, 0.0012666667, 0.0012333334, 0.0012, 0.0012, 0.0012, 0.0011666666, 0.0011333333, 0.0011333333, 0.0011333333, 0.0011, 0.0011, 0.0011, 0.0011, 0.0010666667, 0.0010666667, 0.0010666667, 0.0010666667, 0.001, 0.001, 0.0009666667, 0.0009666667, 0.00093333336, 0.00093333336, 0.00093333336, 0.00093333336, 0.0009, 0.0009, 0.0009, 0.0009, 0.0009, 0.00086666667, 0.00086666667, 0.00086666667], "histogram_bounds": [-3921894.5, -16864.94, -3463.42, 15.7, 28.26, 37.68, 53.38, 69.08, 87.92, 103.62, 135.02, 166.42, 238.64, 354.82, 433.32, 565.2, 825.82, 973.4, 1256.0, 1425.56, 1727.0, 2097.52, 2512.0, 2826.0, 3215.36, 3664.38, 4082.0, 4436.82, 5024.0, 5447.9, 5733.64, 5966.0, 6540.62, 6908.0, 7313.06, 7595.66, 8164.0, 8327.28, 8688.38, 9156.24, 9916.12, 10481.32, 10924.06, 11461.0, 11775.0, 12377.88, 12767.24, 13414.08, 14010.68, 14789.4, 15414.26, 16086.22, 16657.7, 17100.44, 17442.7, 18306.2, 18833.72, 19797.7, 20887.28, 21775.9, 22548.34, 23436.96, 24008.44, 25170.24, 26376.0, 27336.84, 28781.24, 29842.56, 31814.48, 33912.0, 35325.0, 37366.0, 39962.78, 41181.1, 43950.58, 45530.0, 48657.44, 50240.0, 52340.66, 54695.66, 57088.34, 59685.12, 63575.58, 67469.18, 72220.0, 75513.86, 82779.82, 87920.0, 94156.04, 104888.56, 114179.82, 124560.66, 142725.56, 169560.0, 199283.23, 219800.0, 251200.0, 371348.97, 471000.0, 752560.69, 7536000.0], "rows": 1108690.0, "data_type": "numeric"}, "dobito.client_id": {"null_frac": 0.00036666667, "n_distinct": 57460.0,